{
  "version": "7",
  "dialect": "mysql",
  "entries": [
    {
      "idx": 0,
      "version": "5",
      "when": 1767463464856,
      "tag": "0000_large_brother_voodoo",
      "breakpoints": true
    },
    {
      "idx": 1,
      "version": "5",
      "when": 1767463579644,
      "tag": "0001_daffy_lady_deathstrike",
      "breakpoints": true
    },
    {
      "idx": 2,
      "version": "5",
      "when": 1767465874980,
      "tag": "0002_early_stepford_cuckoos",
      "breakpoints": true
    },
    {
      "idx": 3,
      "version": "5",
      "when": 1767484250464,
      "tag": "0003_equal_gwen_stacy",
      "breakpoints": true
    }
  ]
}